1,Last Name,1,1
2,Given Name,1,1
3,Middle/Maiden Name,1,1
4,Level of Degree,1,2
5,Degree Program,1,2
6,Thesis Option,1,2
7,Full-Time or Part-Time,1,2
8,Choices of Research Field,1,2
9,Intended start of Program Study,1,2
10,Academic Year,1,2
11,Applying for anotother scholarship/grant,1,2
12,Name of scholarship program you are applying for,1,2
13,Name of potential thesis adviser,1,2
14,Birthdate,1,3
15,Birthplace,1,3
16,Biological Sex,1,3
17,Civil Status,1,3
18,Country of Origin,1,3
19,Citizenship,1,3
20,Current Address,1,3
21,No P.O. Box,1,3
22,Postal Code,1,3
23,Country,1,3
24,Permanent Address,1,3
25,Postal Code,1,3
26,Country,1,3
27,Telephone Number,1,3
28,Fax Number,1,3
29,E-mail Address,1,3
30,Father’s Name,1,3
31,Mother’s Name,1,3
32,Emergency Contact Person,1,3
33,Complete Address,1,3
34,Relationship,1,3
35,Contact Number,1,3
36,Current Employment Status,1,4
37,Company Name,1,4
38,Position,1,4
39,Length of Service,1,4
40,Office Address,1,4
41,E-mail Address,1,4
42,Telephone Number,1,4
43,Fax Number,1,4
44,Company Website,1,4
45,Type of Business,1,4
46,Business Name,1,4
47,Business Address,1,4
48,Years of Operation,1,4
49,Telephone Number,1,4
50,E-mail Address/Website,1,4
51,First Language,1,5
52,(primary medium of instruction) Secondary Level,1,5
53,(primary medium of instruction) Tertiary Level,1,5
54,(toel)Date Taken,1,5
55,(toefl)Exam Score,1,5
56,Programming Language,1,6
57,Level of Proficiency,1,6
58,Tittle/Name of Project/Application,1,7
59,Programming Language(s) Used,1,7
60,Essay,1,8
61,Name,1,9
62,Company of Affiliation,1,9
63,Telephone Number,1,9
64,E-mail Address,1,9
65,Name,3,1
66,E-mail Address,3,1